{"cameraMode":{"drawMode":0,"name":"Shaded","section":"Shading Mode"},"sceneLighting":false,"audioPlay":false,"sceneViewState":{"m_AlwaysRefresh":false,"showFog":false,"showSkybox":false,"showFlares":false,"showImageEffects":true,"showParticleSystems":true,"showVisualEffectGraphs":true,"m_FxEnabled":false},"in2DMode":false,"pivot":{"x":19.010000228881837,"y":0.26999998092651369,"z":-0.14409971237182618},"rotation":{"x":-0.0052550178952515129,"y":-0.9807639122009277,"z":0.19403277337551118,"w":-0.028057442978024484},"size":2.136000871658325,"orthographic":false}